record_id,name,email,phone,address,city,pincode
204,Aarav Mehta,aarav.mehta198@yahoo.com,9252504650,582 Church Street Lucknow,Lucknow,226001
368,Arjun Saxena,arjun.saxena398@hotmail.com,,933 Ring Road Ahmedabad,Ahmedabad,380001
173,,sunil.pillai971@gmail.com,9399371362,282 Church Street Indore,Indore,452001
61,,harsh_vardhan@gmail.com,+91-78765-43210,707 MI Rd Jaipur,Jaipur,302001
181,Sushma Shah,sushma.shah980@rediffmail.com,8727549434,257 Park Street Mumbai,Mumbai,400001
313,Riya Khanna,riya.khanna393@hotmail.com,7134458188,899 Station Road Kochi,Kochi,682001
309,Lata Chopra,lata.chopra405@gmail.com,6339109365,488 Ring Road Ahmedabad,Ahmedabad,380001
397,Myra Pillai,myra.pillai245@gmail.com,7545071541,691 MG Road Kolkata,Kolkata,700001
347,,geeta.sharma571@rediffmail.com,6153896961,414 Station Road Delhi,Delhi,110001
344,Asha Iyer,asha.iyer718@rediffmail.com,8955975343,532 Main Road Chandigarh,Chandigarh,160001
292,Mohit Pillai,mohit.pillai288@gmail.com,9343796479,31 Lake View Ahmedabad,Ahmedabad,380001
139,Sunil Das,sunil.das320@outlook.com,8578741716,992 Ring Road Bangalore,Bangalore,560001
401,Vivaan Chopra,vivaan.chopra649@yahoo.com,7643569086,265 MG Road Delhi,Delhi,
382,Ira Rao,ira.rao837@outlook.com,7515685383,529 Station Road Ahmedabad,Ahmedabad,380001
90,Ananya Iyer,ananya.iyer2@yahoo.com,9666666666,600 Whitefield,Bangalore,560066
189,Usha Shah,usha.shah783@rediffmail.com,7934257315,396 Main Road Mumbai,Mumbai,400001
14,Ananya Iyer,ananya.iyer@gmail.com,8765432109,89 Residency Road,Bangalore,560025
245,Nirmala Malhotra,nirmala.malhotra108@outlook.com,8073486033,354 MG Road Chennai,Chennai,600001
306,Riya Pillai,riya.pillai212@yahoo.com,6110533960,205 MG Road Nagpur,Nagpur,440001
394,Pari Malhotra,pari.malhotra564@rediffmail.com,9439640577,805 Ring Road Noida,,201301
405,Avni Chopra,avni.chopra408@yahoo.com,7203735991,783 Main Road Kolkata,Kolkata,
235,Avni Singh,avni.singh460@rediffmail.com,,90 Park Street Chennai,Chennai,600001
334,Ayaan Joshi,ayaan.joshi790@rediffmail.com,,385 Church Street Bangalore,Bangalore,
2,RAVI KUMAR,,+91 9876543210,"12, M.G. Road",HYD,500001
24,Meera Joshi,,9321098765,,Pune,411004
38,,manoj_tiwari@gmail.com,+91-88765-43210,66 Hazratganj Lucknow,Lucknow,226001
289,Asha Das,asha.das700@hotmail.com,7643810426,509 MG Road Noida,Noida,
51,Nikhil B,nikhilbose@outlook.com,+91 8210987650,303 Park St,Kolkata,700016
230,Asha Chopra,asha.chopra948@outlook.com,,48 MG Road Jaipur,Jaipur,302001
294,Diya Reddy,,9462646554,607 Ring Road Ahmedabad,Ahmedabad,380001
270,Asha Das,asha.das782@hotmail.com,,,Kochi,
396,Kamala Verma,kamala.verma11@yahoo.com,7885370603,656 Station Road Kolkata,Kolkata,700001
177,Mohit Joshi,mohit.joshi913@outlook.com,7247096480,564 Main Road Mumbai,Mumbai,400001
331,Lata Nair,lata.nair330@rediffmail.com,9831138280,973 MG Road Kochi,Kochi,682001
44,Neha A,neha.agarwal@outlook.com,+91 8543210980,99 Park Ave,Jaipur,302001
6,Priya S,priya.sharma@rediffmail.com,+91-91234-56780,45 Park Street Kolkata,KOL,700016
68,SHREYA DAS,shreya.das@yahoo.com,+91-75432-10980,111 Indiranagar Bangalore,Bangalore,560038
418,Lata Shah,lata.shah825@gmail.com,6975509246,494 Main Road Kochi,,682001
360,Kamala Nair,kamala.nair700@gmail.com,6762038402,302 Station Road Pune,Pune,411001
278,Ayaan Malhotra,,9454605491,184 Park Street Bangalore,Bangalore,560001
171,Rakesh Reddy,rakesh.reddy947@rediffmail.com,7577743019,709 Station Road Nagpur,Nagpur,440001
104,Myra Shah,myra.shah73@yahoo.com,7950049698,720 Lake View Lucknow,Lucknow,226001
155,Pradeep Shah,pradeep.shah988@rediffmail.com,8819921250,742 Lake View Jaipur,Jaipur,302001
293,Sara Iyer,sara.iyer940@gmail.com,9398337932,547 Lake View Jaipur,Jaipur,302001
88,Amit Patel,amit.patel2@outlook.com,9444444444,400 Satellite,Ahmedabad,380015
288,Arjun Sharma,arjun.sharma829@yahoo.com,7904523027,203 Church Street Mumbai,Mumbai,
400,Rekha Patel,rekha.patel577@hotmail.com,7619547472,711 Station Road Jaipur,Jaipur,302001
124,Krishna Singh,krishna.singh35@rediffmail.com,7893321208,317 Lake View Bangalore,Bangalore,560001
35,Divya K,divya.krishnan@yahoo.com,+91 8987654321,55 MG Rd,Bengaluru,560001
302,Ashok Chopra,ashok.chopra104@hotmail.com,7612105539,360 Main Road Noida,Noida,201301
144,Riya Saxena,riya.saxena47@yahoo.com,,540 Church Street Nagpur,Nagpur,440001
192,Asha Shah,asha.shah340@gmail.com,7582084743,836 MG Road Nagpur,Nagpur,
339,Dinesh Verma,dinesh.verma41@outlook.com,9754404646,833 Park Street Delhi,Delhi,110001
257,Vihaan Saxena,vihaan.saxena552@yahoo.com,8563484242,546 Ring Road Kochi,Kochi,682001
172,Riya Mehta,riya.mehta303@outlook.com,8838626452,82 Ring Road Delhi,Delhi,110001
318,Vinod Nair,vinod.nair518@hotmail.com,,378 Lake View Jaipur,Jaipur,302001
269,,sara.chopra654@rediffmail.com,,116 Park Street Noida,Noida,201301
416,Pradeep Shah,pradeep.shah454@yahoo.com,,254 Church Street Ahmedabad,Ahmedabad,380001
117,Ishaan Gupta,ishaan.gupta639@hotmail.com,7454109425,801 Ring Road Nagpur,Nagpur,440001
76,Kritika Jain,kritika.jain@gmail.com,7109876540,555 C Scheme,Jaipur,302001
291,Sara Khanna,sara.khanna368@hotmail.com,9063903685,392 Lake View Hyderabad,Hyderabad,500001
264,,myra.das219@hotmail.com,6004665657,721 MG Road Mumbai,,400001
48,Swati Pillai,,8321098760,202 MG Road,Kochi,682016
108,Nirmala Das,nirmala.das357@hotmail.com,8018679284,993 MG Road Nagpur,Nagpur,440001
260,Vinod Bose,vinod.bose890@gmail.com,6010621799,336 Main Road Nagpur,,440001
281,Navya Singh,navya.singh504@gmail.com,7803095297,,Pune,411001
296,,krishna.mehta890@outlook.com,9626172534,941 Lake View Kolkata,Kolkata,700001
45,NEHA AGARWAL,neha_agarwal@yahoo.com,+91-85432-10980,99 Park Avenue Jaipur,Jaipur,302001
385,Asha Kumar,asha.kumar185@rediffmail.com,9961879157,,Bangalore,560001
414,Mahesh Joshi,mahesh.joshi875@gmail.com,6789785197,424 Park Street Bhopal,Bhopal,462001
285,,ayaan.gupta847@rediffmail.com,7306593403,827 Church Street Kolkata,Kolkata,700001
315,Avni Chopra,avni.chopra138@outlook.com,6979069637,996 Lake View Delhi,Delhi,110001
272,Sai Malhotra,sai.malhotra550@outlook.com,6667339697,998 Lake View Pune,,411001
286,Rekha Verma,rekha.verma32@hotmail.com,6746756255,267 Lake View Lucknow,Lucknow,226001
113,Pradeep Nair,pradeep.nair792@hotmail.com,7186473561,,Chennai,600001
85,Ravi Kumar,ravi.kumar2@outlook.com,9111111111,100 Hitech City,Hyderabad,500081
326,Sunita Joshi,sunita.joshi674@rediffmail.com,9610515710,866 Park Street Lucknow,Lucknow,226001
23,Deepak G,deepakgupta@outlook.com,+91 9432109876,90 CP,Delhi,110001
242,Ishaan Das,ishaan.das491@rediffmail.com,8568106346,76 Station Road Noida,Noida,201301
393,Navya Saxena,navya.saxena754@yahoo.com,7709954268,793 Church Street Kochi,Kochi,682001
388,Rekha Das,rekha.das488@rediffmail.com,6762022478,621 MG Road Chennai,Chennai,600001
119,Mahesh Reddy,mahesh.reddy333@gmail.com,6197529702,926 MG Road Lucknow,Lucknow,226001
395,Ishaan Chopra,,7129971523,91 MG Road Indore,Indore,452001
420,Aarav Khanna,aarav.khanna575@hotmail.com,9788857221,194 Station Road Kochi,Kochi,682001
101,Arjun Rao,arjun.rao703@gmail.com,8703448716,76 Main Road Nagpur,Nagpur,440001
222,,reyansh.chopra321@hotmail.com,7592165525,,Chandigarh,160001
211,Sunil Gupta,sunil.gupta33@outlook.com,8027530378,958 MG Road Bangalore,Bangalore,560001
33,SURESH BABU,suresh_babu@hotmail.com,+91-90987-65432,44 Anna Salai,CHN,600002
30,Lakshmi R,lakshmi.rao@gmail.com,,33 Jubilee Hills Rd,Hyderabad,500033
32,Suresh B,sureshbabu@outlook.com,+91 9098765432,44 Anna Salai Chennai,Chennai,600002
358,Usha Rao,,9422374449,524 Lake View Ahmedabad,Ahmedabad,380001
150,Asha Saxena,asha.saxena651@rediffmail.com,8761628889,698 Main Road Bhopal,Bhopal,462001
391,Aarav Saxena,aarav.saxena671@yahoo.com,7610741069,533 MG Road Delhi,Delhi,110001
190,Rakesh Khanna,,,774 Park Street Kochi,Kochi,682001
209,Ishaan Reddy,ishaan.reddy120@yahoo.com,7897690739,875 Main Road Chandigarh,,160001
162,Rekha Kumar,rekha.kumar462@outlook.com,9507713760,94 Park Street Indore,Indore,452001
59,Harsh Vardhan,harsh.vardhan@rediffmail.com,7876543210,707 MI Road,Jaipur,302001
215,Sara Verma,sara.verma223@gmail.com,8318250726,450 Park Street Noida,Noida,201301
355,Diya Malhotra,diya.malhotra361@rediffmail.com,9267503871,728 MG Road Chandigarh,Chandigarh,160001
363,Sai Joshi,sai.joshi340@outlook.com,8848999900,905 Park Street Ahmedabad,Ahmedabad,380001
237,Ananya Kumar,ananya.kumar150@gmail.com,8117951204,309 Ring Road Jaipur,Jaipur,302001
74,Rohit B,rohit.bansal@hotmail.com,+91 7210987650,444 Mall Rd,Amritsar,143001
72,,anjalikulkarni@hotmail.com,+91 7321098760,333 Fergusson College Rd,Pune,411004
132,Myra Mehta,myra.mehta284@yahoo.com,6012178595,808 Main Road Chennai,Chennai,600001
71,Anjali Kulkarni,anjali.kulkarni@hotmail.com,7321098760,333 FC Road,Pune,411004
417,Sunita Bose,sunita.bose993@rediffmail.com,6580314097,562 Station Road Jaipur,Jaipur,302001
109,Naveen Khanna,naveen.khanna259@outlook.com,7350840898,466 MG Road Bangalore,,560001
89,Rajesh Singh,rajesh.singh2@hotmail.com,9555555555,500 Rohini,Delhi,110085
335,Ayaan Das,ayaan.das259@hotmail.com,8350559943,,Bhopal,462001
193,Sunita Patel,sunita.patel492@yahoo.com,8506213395,739 MG Road Ahmedabad,Ahmedabad,380001
122,Sunita Singh,sunita.singh589@outlook.com,7541717841,391 Main Road Ahmedabad,Ahmedabad,380001
408,Naveen Patel,naveen.patel590@yahoo.com,6563238419,185 Main Road Bhopal,Bhopal,462001
330,Ananya Saxena,ananya.saxena799@gmail.com,9279504577,502 Lake View Kolkata,Kolkata,
259,Naveen Chopra,,7154131362,592 Church Street Chennai,Chennai,600001
255,Aditya Bose,aditya.bose850@yahoo.com,9161047381,436 MG Road Pune,Pune,411001
154,Ananya Joshi,,7663941470,940 Ring Road Kochi,Kochi,682001
342,Ananya Singh,ananya.singh822@rediffmail.com,8073072687,934 Main Road Indore,,452001
39,Pooja Verma,pooja.verma@yahoo.com,8765432190,77 Mall Road,Dehradun,248001
276,Ananya Patel,ananya.patel741@gmail.com,,916 Main Road Delhi,Delhi,110001
316,Aadhya Bose,aadhya.bose759@hotmail.com,7748783374,936 Lake View Pune,Pune,411001
67,Shreya D,shreyadas@yahoo.com,+91 7543210980,111 Indira Nagar,Bengaluru,560038
3,Ravi K,ravi.kumar@rediffmail.com,+91-98765-43210,12 MG Rd Hyderabad,Hyderabad,500001
77,Kritika J,,+91 7109876540,555 C-Scheme,Jaipur,302001
354,Rekha Shah,rekha.shah648@yahoo.com,8377614706,729 Church Street Chandigarh,Chandigarh,160001
254,Lata Shah,lata.shah761@hotmail.com,8429450217,800 Station Road Kolkata,Kolkata,700001
131,Pari Pillai,pari.pillai250@yahoo.com,7432410914,52 Lake View Hyderabad,Hyderabad,500001
258,Reyansh Kumar,reyansh.kumar888@yahoo.com,7191095508,941 MG Road Indore,Indore,452001
322,Pari Bose,,9540388030,694 Main Road Lucknow,Lucknow,226001
115,Asha Rao,asha.rao45@outlook.com,7764265618,877 Lake View Ahmedabad,Ahmedabad,380001
116,Ishaan Chopra,ishaan.chopra340@gmail.com,8534805646,130 Main Road Bangalore,Bangalore,560001
187,Navya Chopra,navya.chopra469@yahoo.com,,93 Station Road Hyderabad,Hyderabad,500001
202,Naveen Chopra,,9746459966,960 Church Street Kolkata,Kolkata,700001
390,Pradeep Joshi,pradeep.joshi489@yahoo.com,7093146603,436 Park Street Delhi,Delhi,
290,Padma Pillai,padma.pillai422@rediffmail.com,8142723159,663 Ring Road Ahmedabad,Ahmedabad,380001
248,Vivaan Pillai,vivaan.pillai399@gmail.com,7844915411,461 Main Road Pune,,411001
228,Naveen Bose,naveen.bose701@gmail.com,7288381269,714 Park Street Ahmedabad,Ahmedabad,380001
111,Geeta Singh,geeta.singh819@yahoo.com,,997 Church Street Hyderabad,Hyderabad,500001
106,Dinesh Shah,dinesh.shah553@hotmail.com,8149511642,966 Ring Road Noida,Noida,
271,Vihaan Rao,vihaan.rao786@hotmail.com,8151988914,644 Church Street Lucknow,Lucknow,226001
84,Abhishek D,abhishek.dutta@outlook.com,+91 6876543210,888 Sector V Salt Lake,Kolkata,700091
299,,krishna.reddy401@rediffmail.com,8460306692,972 Church Street Hyderabad,Hyderabad,500001
91,Vikram Mehta,vikram.mehta2@hotmail.com,9777777777,700 Andheri,Mumbai,400053
114,Nirmala Chopra,nirmala.chopra354@outlook.com,8080230418,458 Main Road Chennai,Chennai,600001
208,,pari.iyer721@outlook.com,,539 Station Road Mumbai,Mumbai,400001
41,Rahul Khanna,rahul.khanna@gmail.com,8654321090,88 Sector 17,Chandigarh,160017
87,Priya Sharma,priya.sharma2@gmail.com,9333333333,300 Salt Lake,Kolkata,700064
325,Geeta Shah,geeta.shah398@gmail.com,7737739017,929 Station Road Jaipur,Jaipur,302001
103,Reyansh Nair,,,271 Church Street Pune,Pune,411001
398,Aadhya Malhotra,aadhya.malhotra942@gmail.com,6294708501,755 Church Street Hyderabad,Hyderabad,500001
297,Vinod Gupta,vinod.gupta601@gmail.com,7699070000,722 Church Street Kochi,Kochi,682001
43,Neha Agarwal,neha.agarwal@gmail.com,8543210980,,Jaipur,302001
320,Pari Iyer,pari.iyer668@hotmail.com,7155705163,694 Park Street Ahmedabad,Ahmedabad,380001
110,Dinesh Das,dinesh.das638@hotmail.com,7553830525,193 Main Road Bangalore,Bangalore,560001
118,Geeta Khanna,geeta.khanna647@outlook.com,7008330525,633 MG Road Bangalore,Bangalore,560001
92,Deepak Gupta,deepak.gupta2@rediffmail.com,9888888888,800 Dwarka,Delhi,110075
148,Navya Mehta,navya.mehta79@rediffmail.com,6722124509,342 Lake View Ahmedabad,Ahmedabad,380001
378,Ishaan Joshi,ishaan.joshi751@outlook.com,8532315957,229 Lake View Noida,,201301
246,Dinesh Nair,dinesh.nair449@hotmail.com,6419287737,357 Station Road Nagpur,Nagpur,440001
205,Reyansh Reddy,reyansh.reddy7@outlook.com,7065354117,489 Ring Road Chennai,Chennai,600001
186,Pradeep Pillai,pradeep.pillai164@outlook.com,9875395503,255 Lake View Indore,Indore,452001
219,Pari Mehta,pari.mehta380@gmail.com,,945 Station Road Mumbai,Mumbai,
161,Ira Verma,ira.verma957@gmail.com,8381734362,896 Ring Road Nagpur,Nagpur,440001
415,Naveen Singh,naveen.singh56@gmail.com,8355504998,66 Station Road Delhi,Delhi,110001
64,Aditya Roy,aditya.roy@gmail.com,7654321090,909 Salt Lake,Kolkata,700064
206,Ira Joshi,ira.joshi477@outlook.com,6507771858,64 Church Street Ahmedabad,Ahmedabad,380001
221,Sunita Iyer,sunita.iyer330@outlook.com,8371162526,407 Park Street Pune,Pune,411001
268,Kamala Pillai,kamala.pillai869@outlook.com,6115209930,798 Church Street Lucknow,Lucknow,226001
283,Krishna Iyer,krishna.iyer949@hotmail.com,7352952965,268 Lake View Lucknow,,226001
413,Padma Saxena,padma.saxena166@outlook.com,6339783148,870 MG Road Noida,Noida,201301
60,Harsh V,harshvardhan@rediffmail.com,+91 7876543210,707 Mirza Ismail Road,Jaipur,302001
213,Myra Sharma,myra.sharma737@rediffmail.com,8892659845,306 Station Road Hyderabad,Hyderabad,500001
226,,padma.chopra565@hotmail.com,8285835206,17 MG Road Nagpur,,440001
133,Sunil Iyer,sunil.iyer54@yahoo.com,7139744790,17 Park Street Chandigarh,Chandigarh,160001
56,Gaurav C,gauravchopra@outlook.com,+91 8098765430,505 Raj Path,New Delhi,110001
20,KAVITA NAIR,kavita.nair@yahoo.com,+91 9543210987,67 Marine Dr,Mumbai,400002
372,Pari Das,pari.das632@outlook.com,6948277118,165 Park Street Chennai,Chennai,600001
348,Pari Bose,pari.bose837@yahoo.com,6233110260,373 Lake View Chandigarh,Chandigarh,160001
328,Vihaan Saxena,vihaan.saxena123@hotmail.com,8149533961,484 Park Street Mumbai,Mumbai,400001
136,Sushma Shah,sushma.shah102@gmail.com,7847692041,518 Main Road Bhopal,Bhopal,462001
353,Reyansh Rao,reyansh.rao624@yahoo.com,7798151372,517 Station Road Chandigarh,Chandigarh,160001
158,Reyansh Malhotra,reyansh.malhotra785@rediffmail.com,9764078277,678 Ring Road Bangalore,Bangalore,560001
15,Ananya I,ananya.iyer@hotmail.com,+91 8765432109,,Bengaluru,560025
182,Nirmala Kumar,nirmala.kumar924@rediffmail.com,,675 Main Road Kolkata,Kolkata,700001
305,,usha.khanna244@gmail.com,7277326067,677 Ring Road Jaipur,Jaipur,302001
336,Sushma Patel,sushma.patel108@rediffmail.com,9859551800,429 Lake View Chennai,Chennai,600001
143,Ananya Pillai,ananya.pillai454@hotmail.com,7168672809,691 MG Road Bangalore,Bangalore,560001
412,Rekha Chopra,rekha.chopra629@outlook.com,7636687473,911 MG Road Bhopal,Bhopal,462001
16,Ananya Iyer,ananya_iyer@rediffmail.com,+91-87654-32109,89 Residency Road Bangalore,Bangalore,
164,Sunita Bose,sunita.bose263@yahoo.com,6081621076,928 MG Road Hyderabad,Hyderabad,500001
287,Ayaan Sharma,ayaan.sharma134@yahoo.com,6954720281,851 Lake View Bangalore,Bangalore,560001
277,Pradeep Kumar,pradeep.kumar567@hotmail.com,6151885397,954 Lake View Kolkata,Kolkata,700001
207,Riya Joshi,riya.joshi157@hotmail.com,8053775623,225 Park Street Ahmedabad,Ahmedabad,380001
168,Reyansh Saxena,reyansh.saxena560@outlook.com,7513112872,137 MG Road Chandigarh,Chandigarh,160001
54,TANVI SHAH,tanvi_shah@hotmail.com,+91-81098-76540,404 Ashram Road Ahmedabad,Ahmedabad,380009
4,Priya Sharma,priya.sharma@hotmail.com,9123456780,45 Park Street,Kolkata,700016
19,Kavita Nair,kavita.nair@gmail.com,9543210987,67 Marine Drive,Mumbai,400002
280,Lata Iyer,lata.iyer239@rediffmail.com,6102693781,7 Station Road Chennai,,600001
156,Naveen Kumar,naveen.kumar659@outlook.com,7617825308,318 Main Road Mumbai,Mumbai,400001
399,Myra Pillai,myra.pillai5@outlook.com,8469205576,466 Station Road Pune,Pune,411001
407,Ira Reddy,ira.reddy982@rediffmail.com,8024412906,243 Ring Road Jaipur,Jaipur,302001
13,RAJESH SINGH,rajeshsingh@rediffmail.com,+91 9871234560,"56, Civil Lines",New Delhi,110001
66,Shreya Das,shreya.das@hotmail.com,7543210980,111 Indiranagar,Bangalore,560038
262,Vihaan Verma,vihaan.verma471@gmail.com,9593608497,,Delhi,110001
180,Usha Saxena,usha.saxena515@gmail.com,7858081385,787 Park Street Kolkata,Kolkata,700001
409,Ishaan Chopra,ishaan.chopra138@rediffmail.com,8145756342,181 Station Road Hyderabad,Hyderabad,
239,Kamala Kumar,kamala.kumar206@hotmail.com,8986257683,329 Main Road Lucknow,Lucknow,226001
126,Myra Rao,myra.rao15@outlook.com,7694684834,93 Lake View Kochi,Kochi,682001
224,Geeta Bose,geeta.bose174@yahoo.com,7512585138,751 Lake View Kolkata,Kolkata,
352,Aarav Malhotra,aarav.malhotra600@hotmail.com,9602687762,567 Station Road Bangalore,Bangalore,560001
229,Vihaan Sharma,vihaan.sharma445@outlook.com,9630663819,85 Station Road Kolkata,,700001
147,Vivaan Mehta,vivaan.mehta852@outlook.com,7976101133,821 Main Road Kolkata,Kolkata,700001
218,Sunita Iyer,sunita.iyer148@hotmail.com,9039019230,308 Lake View Ahmedabad,Ahmedabad,380001
386,Riya Gupta,riya.gupta889@hotmail.com,8024705373,460 Main Road Pune,Pune,411001
50,Nikhil Bose,nikhil.bose@hotmail.com,8210987650,303 Park Street,Kolkata,700016
308,Ishaan Singh,ishaan.singh555@hotmail.com,9471107346,685 Ring Road Mumbai,Mumbai,400001
28,Arjun D,arjundesai@hotmail.com,+91 9210987654,22 CG Rd,Ahmedabad,380009
52,Tanvi Shah,,8109876540,404 Ashram Road,Ahmedabad,380009
9,Sneha Reddy,sneha.reddy@yahoo.com,9012345678,23 Banjara Hills,Hyderabad,500034
301,Mahesh Sharma,mahesh.sharma70@outlook.com,,215 Park Street Jaipur,Jaipur,302001
34,Divya Krishnan,divya.krishnan@gmail.com,8987654321,55 MG Road,Bangalore,560001
214,Ayaan Verma,,9795705770,630 Lake View Indore,Indore,452001
384,,,8779957226,605 Park Street Pune,Pune,
341,Dinesh Patel,dinesh.patel820@hotmail.com,8054046672,707 Lake View Noida,,201301
304,Kamala Pillai,kamala.pillai966@yahoo.com,,722 MG Road Nagpur,Nagpur,440001
134,Reyansh Bose,reyansh.bose745@rediffmail.com,,969 Main Road Ahmedabad,Ahmedabad,380001
25,Meera J,meera.joshi@outlook.com,+91 9321098765,11 Fergusson College Road,Pune,411004
362,Navya Chopra,navya.chopra326@rediffmail.com,,75 Lake View Kochi,Kochi,682001
263,Krishna Shah,krishna.shah671@outlook.com,6400892179,896 Ring Road Kolkata,Kolkata,700001
389,Kamala Khanna,kamala.khanna665@hotmail.com,,919 Lake View Hyderabad,Hyderabad,500001
105,,lata.iyer146@gmail.com,9550353803,931 Ring Road Chennai,Chennai,600001
324,Navya Nair,navya.nair922@gmail.com,7032089545,530 Lake View Chennai,Chennai,600001
73,Rohit Bansal,rohit.bansal@yahoo.com,7210987650,444 Mall Road,Amritsar,143001
157,Ramesh Malhotra,ramesh.malhotra185@yahoo.com,7326569692,19 Ring Road Kochi,Kochi,682001
40,Pooja V,pooja.verma@outlook.com,+91 8765432190,,Dehradun,248001
312,Aarav Pillai,aarav.pillai152@rediffmail.com,6642708893,116 Station Road Indore,Indore,452001
197,Mohit Chopra,mohit.chopra281@outlook.com,9099524925,574 Lake View Kochi,Kochi,682001
311,Kamala Patel,kamala.patel827@gmail.com,9926347136,933 Church Street Chandigarh,Chandigarh,160001
175,Mahesh Gupta,mahesh.gupta322@outlook.com,7709543220,543 Ring Road Chennai,Chennai,600001
261,Pari Das,pari.das849@outlook.com,7386695233,507 Ring Road Pune,Pune,411001
338,Sai Singh,sai.singh524@gmail.com,9348039631,153 MG Road Nagpur,Nagpur,440001
100,Riya Kumar,riya.kumar588@outlook.com,6052679490,,Nagpur,440001
210,Ashok Bose,ashok.bose827@outlook.com,8889515311,573 Station Road Bangalore,Bangalore,
380,Geeta Iyer,geeta.iyer44@yahoo.com,7005102559,271 Ring Road Mumbai,Mumbai,
169,Krishna Gupta,krishna.gupta45@yahoo.com,6865826728,38 Ring Road Bhopal,Bhopal,462001
361,,krishna.reddy727@yahoo.com,8002877824,6 Ring Road Jaipur,Jaipur,302001
419,Krishna Joshi,krishna.joshi705@hotmail.com,,481 Main Road Lucknow,Lucknow,226001
266,Krishna Kumar,krishna.kumar625@yahoo.com,6036398723,544 Main Road Mumbai,Mumbai,400001
310,,,9472312361,996 Park Street Kolkata,Kolkata,700001
370,Naveen Sharma,naveen.sharma140@hotmail.com,6944316108,161 Main Road Nagpur,Nagpur,440001
199,,avni.kumar246@yahoo.com,8520417815,631 Church Street Delhi,Delhi,110001
402,,ira.iyer767@outlook.com,8893510498,96 Station Road Lucknow,Lucknow,226001
220,Arjun Nair,arjun.nair929@outlook.com,9734361749,491 Park Street Pune,Pune,411001
159,Ananya Bose,ananya.bose737@yahoo.com,8904956613,421 Ring Road Bangalore,Bangalore,560001
307,Ira Gupta,,9803162153,190 Ring Road Noida,Noida,201301
343,Krishna Chopra,krishna.chopra48@gmail.com,7892740043,116 Station Road Nagpur,Nagpur,440001
95,Rakesh Sharma,rakesh.sharma500@yahoo.com,6780996231,872 Ring Road Nagpur,Nagpur,440001
195,Vihaan Kumar,vihaan.kumar490@rediffmail.com,8844242456,575 Ring Road Pune,Pune,411001
1,,ravi.kumar@gmail.com,9876543210,12 MG Road,Hyderabad,500001
233,Avni Bose,avni.bose964@hotmail.com,8375278922,234 Ring Road Nagpur,Nagpur,440001
188,Sunita Shah,sunita.shah138@outlook.com,7850820685,868 MG Road Hyderabad,Hyderabad,500001
135,,reyansh.chopra623@yahoo.com,7383459732,76 MG Road Bhopal,Bhopal,462001
152,Padma Pillai,padma.pillai978@gmail.com,8380770668,474 Main Road Noida,Noida,201301
231,Nirmala Kumar,nirmala.kumar167@rediffmail.com,7285384455,952 MG Road Noida,Noida,201301
303,Aditya Shah,aditya.shah76@outlook.com,6449790661,327 Ring Road Hyderabad,Hyderabad,500001
403,Aadhya Chopra,aadhya.chopra894@outlook.com,7039624809,241 Church Street Pune,Pune,411001
83,Abhishek Dutta,abhishek.dutta@hotmail.com,6876543210,888 Salt Lake Sector V,Kolkata,700091
141,Avni Sharma,avni.sharma317@outlook.com,9274523942,280 Church Street Kolkata,,700001
240,Asha Iyer,asha.iyer805@hotmail.com,9506817238,386 Ring Road Chandigarh,Chandigarh,160001
332,Krishna Singh,krishna.singh172@gmail.com,7314754322,516 Main Road Noida,Noida,201301
179,,navya.rao420@rediffmail.com,9303536605,539 Station Road Nagpur,Nagpur,440001
383,Arjun Malhotra,arjun.malhotra162@outlook.com,6802753761,217 Park Street Jaipur,Jaipur,302001
98,Navya Patel,navya.patel324@gmail.com,6827143233,124 Church Street Ahmedabad,Ahmedabad,380001
251,Vinod Kumar,vinod.kumar589@hotmail.com,6592135522,429 Main Road Noida,Noida,201301
151,Avni Saxena,,6318646463,,Bangalore,560001
284,Nirmala Singh,nirmala.singh478@outlook.com,7930874468,109 Park Street Chennai,Chennai,600001
249,Lata Reddy,lata.reddy117@outlook.com,7965164102,334 Park Street Kochi,Kochi,682001
21,Kavita N,kavita_nair@rediffmail.com,+91-95432-10987,67 Marine Drive Mumbai,MUM,400002
349,Mahesh Singh,mahesh.singh3@outlook.com,6952396600,778 Church Street Delhi,Delhi,110001
69,Varun Sethi,varun.sethi@hotmail.com,7432109870,222 Sector 62,Noida,201301
184,Naveen Shah,naveen.shah162@hotmail.com,6257324536,75 Church Street Bhopal,Bhopal,462001
194,Asha Singh,asha.singh429@yahoo.com,7347298951,20 Station Road Pune,Pune,411001
11,sneha reddy,sneha_reddy@outlook.com,+91-90123-45678,23 Banjara Hills,HYD,500034
350,Ananya Chopra,ananya.chopra739@hotmail.com,9189059975,842 Church Street Chennai,Chennai,600001
377,Arjun Sharma,,8486359959,833 Main Road Hyderabad,Hyderabad,500001
178,Ayaan Nair,ayaan.nair27@outlook.com,8121808073,243 Lake View Chennai,Chennai,600001
163,Myra Sharma,myra.sharma732@outlook.com,9604234700,954 MG Road Chandigarh,Chandigarh,160001
374,Riya Pillai,riya.pillai498@hotmail.com,7364880195,922 Park Street Mumbai,Mumbai,400001
250,Ayaan Joshi,ayaan.joshi177@outlook.com,8651552513,866 Station Road Kochi,Kochi,682001
379,Padma Reddy,padma.reddy580@rediffmail.com,6769422699,457 Park Street Chennai,Chennai,600001
55,Gaurav Chopra,gaurav.chopra@yahoo.com,8098765430,505 Rajpath,Delhi,110001
275,Vivaan Mehta,vivaan.mehta270@rediffmail.com,6274328104,,Indore,452001
79,Sanjay M,sanjay.mishra@yahoo.com,,666 Gomti Nagar Ext,Lucknow,226010
183,Asha Patel,asha.patel633@gmail.com,7789226605,786 Main Road Pune,Pune,411001
295,Aadhya Chopra,aadhya.chopra93@gmail.com,6163053047,,Lucknow,226001
31,Suresh Babu,suresh.babu@hotmail.com,9098765432,,Chennai,600002
174,Ishaan Pillai,ishaan.pillai242@outlook.com,,36 Park Street Bhopal,Bhopal,462001
376,Navya Chopra,navya.chopra84@outlook.com,8605446007,180 Church Street Delhi,Delhi,
365,Ayaan Rao,ayaan.rao26@rediffmail.com,7214741296,554 Church Street Jaipur,,302001
81,Preeti C,preetichawla@outlook.com,+91 6987654320,777 Model Town Delhi,New Delhi,110009
345,Usha Pillai,usha.pillai518@hotmail.com,,12 Church Street Bangalore,Bangalore,560001
46,Karan Malhotra,karan.malhotra@gmail.com,8432109870,101 Brigade Road,Bangalore,560001
364,Aarav Singh,aarav.singh658@rediffmail.com,,457 Park Street Kochi,Kochi,682001
80,Preeti Chawla,preeti.chawla@hotmail.com,6987654320,777 Model Town,Delhi,110009
244,Rakesh Das,rakesh.das228@rediffmail.com,7111272861,11 MG Road Delhi,Delhi,110001
298,Geeta Mehta,geeta.mehta911@rediffmail.com,8978819212,725 Main Road Kolkata,Kolkata,700001
329,Asha Bose,asha.bose185@gmail.com,9073772623,324 Lake View Chennai,,600001
375,Ramesh Reddy,ramesh.reddy227@hotmail.com,9374384508,321 Park Street Hyderabad,Hyderabad,500001
125,Lata Joshi,lata.joshi936@hotmail.com,7103678092,851 Park Street Jaipur,Jaipur,
203,Lata Malhotra,lata.malhotra517@hotmail.com,9655273742,911 Park Street Nagpur,Nagpur,440001
62,Ritu Saxena,ritu.saxena@rediffmail.com,7765432100,808 Cantonment,Pune,
300,Geeta Kumar,geeta.kumar356@outlook.com,7022184735,764 MG Road Chandigarh,Chandigarh,160001
142,Vivaan Gupta,vivaan.gupta350@yahoo.com,7948393831,386 Station Road Pune,Pune,
86,Ravi Kumari,ravi.kumari@yahoo.com,9222222222,200 Gachibowli,Hyderabad,500032
371,Vinod Sharma,vinod.sharma587@rediffmail.com,6021602991,127 MG Road Chennai,Chennai,600001
167,Lata Malhotra,lata.malhotra45@hotmail.com,,400 Lake View Hyderabad,Hyderabad,500001
223,Ashok Shah,ashok.shah389@rediffmail.com,6987922467,201 Ring Road Chennai,Chennai,600001
121,Dinesh Shah,dinesh.shah602@outlook.com,7484193033,76 Station Road Kolkata,Kolkata,700001
58,Isha M,isha.menon@outlook.com,+91 7987654320,606 Marine Dr,Mumbai,400002
369,Padma Gupta,padma.gupta367@rediffmail.com,6311769311,718 Lake View Bangalore,Bangalore,560001
27,Arjun Desai,arjun.desai@outlook.com,9210987654,22 CG Road,Ahmedabad,380009
185,Sunil Rao,sunil.rao576@gmail.com,8211822827,779 Ring Road Chennai,Chennai,600001
340,Aarav Kumar,aarav.kumar449@rediffmail.com,9841966874,337 Ring Road Kolkata,Kolkata,700001
153,Vihaan Bose,vihaan.bose732@gmail.com,7475054001,831 Lake View Delhi,Delhi,110001
247,Ananya Iyer,ananya.iyer574@hotmail.com,7421589752,566 Park Street Kolkata,Kolkata,700001
130,,sara.joshi924@outlook.com,8338463041,703 Ring Road Delhi,Delhi,110001
346,,vihaan.malhotra413@yahoo.com,7626236090,564 Church Street Ahmedabad,Ahmedabad,380001
337,,ira.malhotra303@yahoo.com,7759889613,367 Church Street Pune,Pune,
282,Ashok Joshi,ashok.joshi595@gmail.com,6364653118,998 Church Street Bhopal,,462001
22,Deepak Gupta,deepak.gupta@hotmail.com,9432109876,90 Connaught Place,Delhi,110001
323,Kamala Pillai,kamala.pillai494@gmail.com,6464305421,306 Church Street Lucknow,Lucknow,226001
82,PREETI CHAWLA,preeti_chawla@hotmail.com,+91-69876-54320,,Delhi,110009
166,Sara Kumar,sara.kumar362@yahoo.com,8640587058,440 MG Road Lucknow,Lucknow,226001
366,Aadhya Mehta,aadhya.mehta995@rediffmail.com,6718955214,971 MG Road Mumbai,Mumbai,400001
200,Sunita Singh,sunita.singh162@hotmail.com,9990452762,6 Main Road Chennai,Chennai,600001
243,Vinod Khanna,vinod.khanna674@outlook.com,7066143895,112 Lake View Mumbai,Mumbai,400001
107,,myra.saxena276@rediffmail.com,9527977383,784 Church Street Hyderabad,Hyderabad,500001
267,Pari Gupta,pari.gupta604@hotmail.com,6528956230,144 Lake View Delhi,Delhi,110001
49,Swati P,swati.pillai@yahoo.com,+91 8321098760,202 MG Rd Kochi,Kochi,682016
236,Mohit Rao,mohit.rao798@gmail.com,7665586415,299 Station Road Hyderabad,Hyderabad,500001
102,Ashok Pillai,ashok.pillai462@hotmail.com,7633711193,795 Main Road Ahmedabad,,380001
18,Vikram M,vikrammehta@rediffmail.com,+91 9654321098,34 Linking Rd,Mumbai,400050
127,Vinod Singh,vinod.singh906@rediffmail.com,8660933507,483 MG Road Ahmedabad,Ahmedabad,380001
227,Ramesh Reddy,ramesh.reddy153@yahoo.com,8252218154,941 MG Road Delhi,Delhi,110001
198,Ishaan Shah,ishaan.shah355@hotmail.com,6339428835,295 Church Street Bangalore,Bangalore,560001
128,Ashok Singh,ashok.singh505@gmail.com,7307235909,47 MG Road Chennai,Chennai,600001
63,Ritu S,ritu.saxena@gmail.com,+91 7765432100,808 Cantonment Area,Pune,411001
7,Amit Patel,amit.patel@yahoo.com,9988776655,78 Ring Road,Ahmedabad,380001
196,Ira Pillai,ira.pillai572@outlook.com,7198323340,197 Park Street Nagpur,Nagpur,440001
129,Lata Das,lata.das102@hotmail.com,8812868150,907 Station Road Chennai,Chennai,600001
99,Nirmala Malhotra,nirmala.malhotra304@yahoo.com,6833728665,103 Lake View Lucknow,,
93,Suresh Babu,suresh.babu2@rediffmail.com,9999999990,900 T Nagar,Chennai,600017
241,Vivaan Bose,vivaan.bose852@gmail.com,7251258015,449 Lake View Pune,Pune,411001
279,Usha Bose,usha.bose578@outlook.com,7252391379,378 Park Street Hyderabad,Hyderabad,500001
37,Manoj T,manojtiwari@yahoo.com,+91 8876543210,66 Hazrat Ganj,Lucknow,226001
201,Riya Verma,riya.verma548@gmail.com,6997378157,668 Main Road Mumbai,Mumbai,400001
137,Myra Das,myra.das426@gmail.com,7712533097,848 Station Road Chandigarh,Chandigarh,160001
29,Lakshmi Rao,lakshmi.rao@yahoo.com,9109876543,33 Jubilee Hills,Hyderabad,500033
75,ROHIT BANSAL,rohit_bansal@hotmail.com,+91-72109-87650,444 Mall Road Amritsar,Amritsar,143001
42,Rahul K,rahulkhanna@rediffmail.com,+91 8654321090,88 Sec 17,Chandigarh,160017
170,Aditya Nair,aditya.nair49@outlook.com,9353689019,366 Lake View Lucknow,Lucknow,226001
17,Vikram Mehta,vikram.mehta@outlook.com,9654321098,34 Linking Road,Mumbai,400050
357,Ishaan Verma,ishaan.verma34@outlook.com,8324316421,209 Lake View Lucknow,Lucknow,226001
238,Geeta Pillai,geeta.pillai312@gmail.com,6581923103,469 MG Road Pune,Pune,411001
191,Ishaan Pillai,ishaan.pillai167@hotmail.com,7368076065,336 Main Road Chennai,Chennai,600001
256,Ayaan Iyer,ayaan.iyer706@outlook.com,8525113890,831 Church Street Pune,Pune,411001
160,Sunita Nair,sunita.nair473@outlook.com,7892351448,695 Main Road Kochi,Kochi,682001
216,Mohit Iyer,mohit.iyer534@yahoo.com,8835590759,898 Park Street Lucknow,Lucknow,226001
176,Ira Patel,ira.patel711@hotmail.com,,220 Main Road Bhopal,Bhopal,462001
112,Ayaan Bose,ayaan.bose511@outlook.com,6661300942,664 Lake View Delhi,Delhi,110001
253,Usha Malhotra,usha.malhotra426@hotmail.com,,419 Church Street Nagpur,Nagpur,440001
8,Amit P,amitpatel@outlook.com,+91 9988776655,78 Ring Rd,Ahmedabad,380001
387,Rekha Patel,,7471761915,742 Church Street Kolkata,,700001
47,Karan M,karanmalhotra@hotmail.com,+91 8432109870,101 Brigade Rd,Bengaluru,560001
120,Ananya Reddy,ananya.reddy635@yahoo.com,7643015259,625 Lake View Mumbai,Mumbai,400001
5,PRIYA SHARMA,priya_sharma@outlook.com,+91 9123456780,"45, Park St",Kolkata,700016
373,Usha Bose,usha.bose257@gmail.com,6289320836,298 Church Street Mumbai,Mumbai,400001
225,,aditya.gupta141@yahoo.com,7771211118,783 MG Road Bangalore,,560001
367,,reyansh.nair765@yahoo.com,,,Indore,452001
65,Aditya R,adityaroy@hotmail.com,+91 7654321090,909 Salt Lake City,Kolkata,700064
406,Sunil Rao,,8998937576,469 MG Road Kolkata,Kolkata,700001
145,Ira Shah,ira.shah765@hotmail.com,8136253713,123 MG Road Chandigarh,Chandigarh,160001
53,Tanvi S,tanvi.shah@gmail.com,+91 8109876540,404 Ashram Rd,Ahmedabad,380009
96,Sushma Nair,sushma.nair501@rediffmail.com,7745595491,248 Church Street Mumbai,Mumbai,400001
12,Rajesh Singh,rajesh.singh@hotmail.com,9871234560,56 Civil Lines,Delhi,110001
274,Aarav Reddy,aarav.reddy530@outlook.com,8246290917,976 Ring Road Nagpur,Nagpur,440001
26,MEERA JOSHI,meera_joshi@rediffmail.com,+91-93210-98765,11 FC Rd Pune,Pune,411004
78,Sanjay Mishra,sanjay.mishra@yahoo.com,7098765430,666 Gomti Nagar,Lucknow,226010
10,Sneha R,sneha.reddy@yahoo.com,+91 9012345678,23 Banjara Hills Rd,Hyderabad,500034
165,Navya Singh,navya.singh813@rediffmail.com,8744276785,245 Station Road Bangalore,,560001
404,Sai Chopra,sai.chopra981@gmail.com,8325612900,783 Lake View Hyderabad,Hyderabad,500001
252,Ananya Chopra,ananya.chopra863@hotmail.com,7351110867,144 Park Street Lucknow,Lucknow,226001
319,Sunita Saxena,sunita.saxena916@outlook.com,9597695521,353 Park Street Kochi,Kochi,682001
359,Usha Verma,usha.verma636@hotmail.com,6872252973,762 Ring Road Hyderabad,Hyderabad,500001
411,Vivaan Das,vivaan.das987@rediffmail.com,8918798987,360 Lake View Delhi,Delhi,110001
232,Krishna Gupta,krishna.gupta238@gmail.com,7877279755,55 MG Road Kochi,Kochi,
317,,rekha.rao901@rediffmail.com,8251792132,800 Lake View Chennai,Chennai,600001
234,Arjun Gupta,arjun.gupta803@yahoo.com,9056630093,,Jaipur,302001
327,Diya Mehta,diya.mehta763@outlook.com,6959186138,228 Ring Road Mumbai,Mumbai,400001
57,Isha Menon,isha.menon@hotmail.com,7987654320,606 Marine Drive,Mumbai,
149,Ishaan Iyer,ishaan.iyer178@rediffmail.com,,150 Ring Road Delhi,Delhi,110001
70,Varun S,,+91 7432109870,222 Sec 62,Noida,201301
94,Neha Agarwal,neha.agarwal2@hotmail.com,9000000001,1000 Malviya Nagar,Jaipur,302017
36,Manoj Tiwari,manoj.tiwari@rediffmail.com,8876543210,66 Hazratganj,Lucknow,226001
97,Myra Rao,myra.rao378@hotmail.com,8497762234,314 Church Street Ahmedabad,Ahmedabad,380001
212,Pradeep Bose,pradeep.bose988@rediffmail.com,8932304514,385 MG Road Noida,Noida,201301
138,Sai Gupta,sai.gupta757@outlook.com,9197985262,443 MG Road Mumbai,Mumbai,400001
273,Sara Verma,sara.verma465@rediffmail.com,6498158588,89 Station Road Ahmedabad,Ahmedabad,380001
381,Mohit Singh,mohit.singh593@rediffmail.com,7130933907,855 Church Street Jaipur,Jaipur,
333,,krishna.mehta169@hotmail.com,6809283659,368 Lake View Nagpur,,440001
146,Arjun Rao,arjun.rao944@gmail.com,7974629461,447 MG Road Bangalore,Bangalore,560001
140,Usha Joshi,usha.joshi232@hotmail.com,8465740756,781 Ring Road Delhi,Delhi,
351,Aadhya Mehta,aadhya.mehta949@rediffmail.com,6199717518,776 Station Road Delhi,Delhi,110001
356,,,6108543028,536 MG Road Hyderabad,Hyderabad,500001
314,Naveen Verma,naveen.verma244@gmail.com,8965734008,,Noida,201301
410,Reyansh Reddy,reyansh.reddy488@gmail.com,7092165878,221 Lake View Bangalore,Bangalore,560001
392,Lata Das,lata.das407@yahoo.com,8923179238,627 Ring Road Kochi,Kochi,682001
265,Ayaan Das,ayaan.das393@gmail.com,6983319304,490 MG Road Chennai,Chennai,600001
123,Vihaan Pillai,vihaan.pillai819@yahoo.com,9331782118,853 Ring Road Nagpur,Nagpur,440001
321,Diya Pillai,diya.pillai825@outlook.com,8612817084,230 Ring Road Hyderabad,Hyderabad,500001
217,Ramesh Khanna,ramesh.khanna688@hotmail.com,8763021449,49 Ring Road Nagpur,Nagpur,440001
